{"cameraMode":{"drawMode":0,"name":"Shaded","section":"Shading Mode"},"sceneLighting":false,"audioPlay":false,"sceneViewState":{"m_AlwaysRefresh":false,"showFog":true,"showSkybox":true,"showFlares":true,"showImageEffects":true,"showParticleSystems":true,"showVisualEffectGraphs":true,"m_FxEnabled":false},"in2DMode":false,"pivot":{"x":442.17901611328127,"y":300.03509521484377,"z":378.9530029296875},"rotation":{"x":0.0018254524329677225,"y":0.9410633444786072,"z":-0.33819305896759035,"w":0.005080450791865587},"size":1.3610886335372925,"orthographic":false}