{"cameraMode":{"drawMode":0,"name":"Shaded","section":"Shading Mode"},"sceneLighting":false,"audioPlay":false,"sceneViewState":{"m_AlwaysRefresh":false,"showFog":true,"showSkybox":true,"showFlares":true,"showImageEffects":true,"showParticleSystems":true,"showVisualEffectGraphs":true,"m_FxEnabled":false},"in2DMode":false,"pivot":{"x":442.41314697265627,"y":300.0726623535156,"z":378.3999938964844},"rotation":{"x":-0.026346944272518159,"y":0.9535209536552429,"z":-0.28714051842689516,"w":-0.08749134093523026},"size":0.8660253882408142,"orthographic":false}